{
  "dataset": "imdbsentiment",
  "timestamp": "2026-02-09T15:02:18.917849",
  "n_train": 4000,
  "n_test_normal": 1000,
  "n_test_anomaly": 2000,
  "anomaly_ratio": 0.2857142857142857,
  "cosine_distance": 0.0020297765731811523,
  "cosine_distance_pairwise": 0.09110593795776367,
  "euclidean_distance": 0.01695305901574711,
  "normal_variance": 2.3216872215270996,
  "anomaly_variance": 2.1905407905578613,
  "inter_class_distance": 0.4698169529438019,
  "separation_ratio": 0.20236014075779674,
  "precision": 0.6290672451193059,
  "recall": 0.29,
  "f1": 0.39698836413415467,
  "auc": 0.47441225,
  "confusion_matrix": [
    [
      658,
      342
    ],
    [
      1420,
      580
    ]
  ],
  "threshold": 0.43,
  "normal_error_mean": 0.43295904994010925,
  "normal_error_std": 0.2483806014060974,
  "anomaly_error_mean": 0.41216400265693665,
  "anomaly_error_std": 0.18560336530208588,
  "config": {
    "MODEL_NAME": "distilbert-base-uncased",
    "DEVICE": "cuda",
    "MAX_LENGTH": 256,
    "BATCH_SIZE": 32,
    "SEED": 42,
    "INPUT_DIM": 768,
    "HIDDEN_DIM": 256,
    "LATENT_DIM": 64,
    "DROPOUT": 0.2,
    "VAE_EPOCHS": 200,
    "LEARNING_RATE": 0.001,
    "BETA_START": 0.0,
    "BETA_END": 0.3,
    "BETA_ANNEAL_EPOCHS": 40,
    "ANOMALY_PERCENTILE": 95,
    "OUTPUT_DIR": "./output",
    "DATA_DIR": "./output/data",
    "IMAGES_DIR": "./output/images",
    "MODELS_DIR": "./output/models",
    "RESULTS_DIR": "./output/results"
  }
}