{
  "dataset": "agnews",
  "n_train": 4000,
  "n_test_normal": 1000,
  "n_test_anomaly": 2000,
  "anomaly_ratio": 0.2857142857142857,
  "timestamp": "2026-02-09T15:02:56.449598"
}